"date","site","name","sif","doy","year"
"2007-01-15","US-KFS","Kansas Field Station",-0.116402998566628,15,2007
"2007-02-15","US-KFS","Kansas Field Station",0.0461407974362373,46,2007
"2007-03-15","US-KFS","Kansas Field Station",0.142992585897446,74,2007
"2007-04-15","US-KFS","Kansas Field Station",0.343039631843567,105,2007
"2007-05-15","US-KFS","Kansas Field Station",0.521345436573029,135,2007
"2007-06-15","US-KFS","Kansas Field Station",0.610345363616943,166,2007
"2007-07-15","US-KFS","Kansas Field Station",0.756416022777557,196,2007
"2007-08-15","US-KFS","Kansas Field Station",0.641121327877045,227,2007
"2007-09-15","US-KFS","Kansas Field Station",0.635895133018494,258,2007
"2007-10-15","US-KFS","Kansas Field Station",0.245653063058853,288,2007
"2007-11-15","US-KFS","Kansas Field Station",0.138653486967087,319,2007
"2007-12-15","US-KFS","Kansas Field Station",-0.0731308236718178,349,2007
"2008-01-15","US-KFS","Kansas Field Station",0.0700018778443336,15,2008
"2008-02-15","US-KFS","Kansas Field Station",-0.147000715136528,46,2008
"2008-03-15","US-KFS","Kansas Field Station",-0.0303434990346432,75,2008
"2008-04-15","US-KFS","Kansas Field Station",0.231400415301323,106,2008
"2008-05-15","US-KFS","Kansas Field Station",0.576989591121674,136,2008
"2008-06-15","US-KFS","Kansas Field Station",0.797935307025909,167,2008
"2008-07-15","US-KFS","Kansas Field Station",0.942385494709015,197,2008
"2008-08-15","US-KFS","Kansas Field Station",0.604918479919434,228,2008
"2008-09-15","US-KFS","Kansas Field Station",0.48727759718895,259,2008
"2008-10-15","US-KFS","Kansas Field Station",0.199592962861061,289,2008
"2008-11-15","US-KFS","Kansas Field Station",0.0564946532249451,320,2008
"2008-12-15","US-KFS","Kansas Field Station",0.0675604939460754,350,2008
"2009-01-15","US-KFS","Kansas Field Station",0.107194237411022,15,2009
"2009-02-15","US-KFS","Kansas Field Station",0.04660290107131,46,2009
"2009-03-15","US-KFS","Kansas Field Station",0.0857419893145561,74,2009
"2009-04-15","US-KFS","Kansas Field Station",0.194216087460518,105,2009
"2009-05-15","US-KFS","Kansas Field Station",0.671997606754303,135,2009
"2009-06-15","US-KFS","Kansas Field Station",0.775831401348114,166,2009
"2009-07-15","US-KFS","Kansas Field Station",0.784290194511414,196,2009
"2009-08-15","US-KFS","Kansas Field Station",0.870193481445312,227,2009
"2009-09-15","US-KFS","Kansas Field Station",0.406868129968643,258,2009
"2009-10-15","US-KFS","Kansas Field Station",0.152623414993286,288,2009
"2009-11-15","US-KFS","Kansas Field Station",0.110819190740585,319,2009
"2009-12-15","US-KFS","Kansas Field Station",0.0467910319566727,349,2009
"2010-01-15","US-KFS","Kansas Field Station",0.0267324987798929,15,2010
"2010-03-15","US-KFS","Kansas Field Station",0.199179768562317,74,2010
"2010-04-15","US-KFS","Kansas Field Station",0.40881359577179,105,2010
"2010-05-15","US-KFS","Kansas Field Station",0.611437141895294,135,2010
"2010-06-15","US-KFS","Kansas Field Station",0.656139492988586,166,2010
"2010-07-15","US-KFS","Kansas Field Station",0.861117005348206,196,2010
"2010-08-15","US-KFS","Kansas Field Station",0.591881155967712,227,2010
"2010-09-15","US-KFS","Kansas Field Station",0.437493056058884,258,2010
"2010-10-15","US-KFS","Kansas Field Station",0.267618387937546,288,2010
"2010-11-15","US-KFS","Kansas Field Station",0.0745027661323547,319,2010
"2010-12-15","US-KFS","Kansas Field Station",-0.0751638934016228,349,2010
"2011-01-15","US-KFS","Kansas Field Station",-0.116106338799,15,2011
"2011-02-15","US-KFS","Kansas Field Station",-0.0880529060959816,46,2011
"2011-03-15","US-KFS","Kansas Field Station",0.0419463105499744,74,2011
"2011-04-15","US-KFS","Kansas Field Station",0.459375113248825,105,2011
"2011-05-15","US-KFS","Kansas Field Station",0.594597697257996,135,2011
"2011-06-15","US-KFS","Kansas Field Station",0.814309000968933,166,2011
"2011-07-15","US-KFS","Kansas Field Station",0.932230949401855,196,2011
"2011-08-15","US-KFS","Kansas Field Station",0.775738000869751,227,2011
"2011-09-15","US-KFS","Kansas Field Station",0.391228765249252,258,2011
"2011-10-15","US-KFS","Kansas Field Station",0.228102281689644,288,2011
"2011-11-15","US-KFS","Kansas Field Station",0.0168466549366713,319,2011
"2011-12-15","US-KFS","Kansas Field Station",0.0469500683248043,349,2011
"2012-01-15","US-KFS","Kansas Field Station",-0.0847166106104851,15,2012
"2012-02-15","US-KFS","Kansas Field Station",0.0426175147294998,46,2012
"2012-03-15","US-KFS","Kansas Field Station",0.0590267926454544,75,2012
"2012-04-15","US-KFS","Kansas Field Station",0.459718436002731,106,2012
"2012-05-15","US-KFS","Kansas Field Station",0.662597417831421,136,2012
"2012-06-15","US-KFS","Kansas Field Station",0.580968797206879,167,2012
"2012-07-15","US-KFS","Kansas Field Station",0.502594470977783,197,2012
"2012-08-15","US-KFS","Kansas Field Station",0.372689008712769,228,2012
"2012-09-15","US-KFS","Kansas Field Station",0.404202878475189,259,2012
"2012-10-15","US-KFS","Kansas Field Station",0.133595779538155,289,2012
"2012-11-15","US-KFS","Kansas Field Station",0.0656432956457138,320,2012
"2012-12-15","US-KFS","Kansas Field Station",-0.00541885709390044,350,2012
"2013-01-15","US-KFS","Kansas Field Station",0.00901699438691139,15,2013
"2013-02-15","US-KFS","Kansas Field Station",0.0266995076090097,46,2013
"2013-03-15","US-KFS","Kansas Field Station",0.180497691035271,74,2013
"2013-04-15","US-KFS","Kansas Field Station",0.216907843947411,105,2013
"2013-05-15","US-KFS","Kansas Field Station",0.671689510345459,135,2013
"2013-06-15","US-KFS","Kansas Field Station",0.66204422712326,166,2013
"2013-07-15","US-KFS","Kansas Field Station",0.653857290744781,196,2013
"2013-08-15","US-KFS","Kansas Field Station",0.631951212882996,227,2013
"2013-09-15","US-KFS","Kansas Field Station",0.447961717844009,258,2013
"2013-10-15","US-KFS","Kansas Field Station",0.268998563289642,288,2013
"2013-11-15","US-KFS","Kansas Field Station",0.127738669514656,319,2013
"2013-12-15","US-KFS","Kansas Field Station",0.0680268034338951,349,2013
"2014-01-15","US-KFS","Kansas Field Station",0.0153955593705177,15,2014
"2014-02-15","US-KFS","Kansas Field Station",0.0294719040393829,46,2014
"2014-03-15","US-KFS","Kansas Field Station",0.0865437760949135,74,2014
"2014-04-15","US-KFS","Kansas Field Station",0.194545298814774,105,2014
"2014-05-15","US-KFS","Kansas Field Station",0.451604396104813,135,2014
"2014-06-15","US-KFS","Kansas Field Station",0.869071781635284,166,2014
"2014-07-15","US-KFS","Kansas Field Station",0.912702798843384,196,2014
"2014-08-15","US-KFS","Kansas Field Station",0.431868702173233,227,2014
"2014-09-15","US-KFS","Kansas Field Station",0.31725150346756,258,2014
"2014-10-15","US-KFS","Kansas Field Station",0.23651859164238,288,2014
"2014-11-15","US-KFS","Kansas Field Station",0.0933917313814163,319,2014
"2014-12-15","US-KFS","Kansas Field Station",0.0155340451747179,349,2014
"2015-01-15","US-KFS","Kansas Field Station",0.0715317949652672,15,2015
"2015-02-15","US-KFS","Kansas Field Station",0.128333479166031,46,2015
"2015-03-15","US-KFS","Kansas Field Station",0.0634304583072662,74,2015
"2015-04-15","US-KFS","Kansas Field Station",0.229548290371895,105,2015
"2015-05-15","US-KFS","Kansas Field Station",0.70813250541687,135,2015
"2015-06-15","US-KFS","Kansas Field Station",0.617020130157471,166,2015
"2015-07-15","US-KFS","Kansas Field Station",0.610448002815247,196,2015
"2015-08-15","US-KFS","Kansas Field Station",0.625365853309631,227,2015
"2015-09-15","US-KFS","Kansas Field Station",0.431004494428635,258,2015
"2015-10-15","US-KFS","Kansas Field Station",0.258281409740448,288,2015
"2015-11-15","US-KFS","Kansas Field Station",0.0966005325317383,319,2015
"2015-12-15","US-KFS","Kansas Field Station",0.0911305844783783,349,2015
"2016-01-15","US-KFS","Kansas Field Station",0.031476091593504,15,2016
"2016-02-15","US-KFS","Kansas Field Station",0.1302380412817,46,2016
"2016-03-15","US-KFS","Kansas Field Station",0.106215670704842,75,2016
"2016-04-15","US-KFS","Kansas Field Station",0.119047127664089,106,2016
"2016-05-15","US-KFS","Kansas Field Station",0.513437628746033,136,2016
"2016-06-15","US-KFS","Kansas Field Station",0.552380084991455,167,2016
"2016-07-15","US-KFS","Kansas Field Station",0.724078357219696,197,2016
"2016-08-15","US-KFS","Kansas Field Station",0.600861787796021,228,2016
"2016-09-15","US-KFS","Kansas Field Station",0.422205358743668,259,2016
"2016-10-15","US-KFS","Kansas Field Station",0.228899270296097,289,2016
"2016-11-15","US-KFS","Kansas Field Station",0.129687562584877,320,2016
"2016-12-15","US-KFS","Kansas Field Station",0.0406279489398003,350,2016
"2017-01-15","US-KFS","Kansas Field Station",-0.0647376030683517,15,2017
"2017-02-15","US-KFS","Kansas Field Station",0.0354637689888477,46,2017
"2017-03-15","US-KFS","Kansas Field Station",0.127798855304718,74,2017
"2017-04-15","US-KFS","Kansas Field Station",0.290282040834427,105,2017
"2017-05-15","US-KFS","Kansas Field Station",0.666456878185272,135,2017
"2017-06-15","US-KFS","Kansas Field Station",0.68091869354248,166,2017
"2017-07-15","US-KFS","Kansas Field Station",0.69686371088028,196,2017
"2017-08-15","US-KFS","Kansas Field Station",0.641137897968292,227,2017
"2017-09-15","US-KFS","Kansas Field Station",0.374545693397522,258,2017
"2017-10-15","US-KFS","Kansas Field Station",0.175217255949974,288,2017
"2017-11-15","US-KFS","Kansas Field Station",0.136819407343864,319,2017
"2017-12-15","US-KFS","Kansas Field Station",0.121576264500618,349,2017
"2007-01-15","US-Kon","Konza Prairie LTER ()",0.292915314435959,15,2007
"2007-02-15","US-Kon","Konza Prairie LTER ()",-0.0052709192968905,46,2007
"2007-03-15","US-Kon","Konza Prairie LTER ()",0.0562585406005383,74,2007
"2007-04-15","US-Kon","Konza Prairie LTER ()",0.35185107588768,105,2007
"2007-05-15","US-Kon","Konza Prairie LTER ()",0.542379081249237,135,2007
"2007-06-15","US-Kon","Konza Prairie LTER ()",0.616627395153046,166,2007
"2007-07-15","US-Kon","Konza Prairie LTER ()",0.654870271682739,196,2007
"2007-08-15","US-Kon","Konza Prairie LTER ()",0.552922308444977,227,2007
"2007-09-15","US-Kon","Konza Prairie LTER ()",0.243608832359314,258,2007
"2007-10-15","US-Kon","Konza Prairie LTER ()",0.132976666092873,288,2007
"2007-11-15","US-Kon","Konza Prairie LTER ()",0.0261592585593462,319,2007
"2007-12-15","US-Kon","Konza Prairie LTER ()",0.165234968066216,349,2007
"2008-01-15","US-Kon","Konza Prairie LTER ()",0.15174874663353,15,2008
"2008-02-15","US-Kon","Konza Prairie LTER ()",-0.0369369797408581,46,2008
"2008-03-15","US-Kon","Konza Prairie LTER ()",0.0952443554997444,75,2008
"2008-04-15","US-Kon","Konza Prairie LTER ()",0.204088985919952,106,2008
"2008-05-15","US-Kon","Konza Prairie LTER ()",0.480247318744659,136,2008
"2008-06-15","US-Kon","Konza Prairie LTER ()",0.805240333080292,167,2008
"2008-07-15","US-Kon","Konza Prairie LTER ()",0.79801219701767,197,2008
"2008-08-15","US-Kon","Konza Prairie LTER ()",0.64395272731781,228,2008
"2008-09-15","US-Kon","Konza Prairie LTER ()",0.312864124774933,259,2008
"2008-10-15","US-Kon","Konza Prairie LTER ()",0.236396208405495,289,2008
"2008-11-15","US-Kon","Konza Prairie LTER ()",0.0570343807339668,320,2008
"2008-12-15","US-Kon","Konza Prairie LTER ()",0.0458120405673981,350,2008
"2009-01-15","US-Kon","Konza Prairie LTER ()",-0.0117886364459991,15,2009
"2009-02-15","US-Kon","Konza Prairie LTER ()",0.113043814897537,46,2009
"2009-03-15","US-Kon","Konza Prairie LTER ()",0.134920611977577,74,2009
"2009-04-15","US-Kon","Konza Prairie LTER ()",0.135043129324913,105,2009
"2009-05-15","US-Kon","Konza Prairie LTER ()",0.650673747062683,135,2009
"2009-06-15","US-Kon","Konza Prairie LTER ()",0.654546499252319,166,2009
"2009-07-15","US-Kon","Konza Prairie LTER ()",0.803708016872406,196,2009
"2009-08-15","US-Kon","Konza Prairie LTER ()",0.664358854293823,227,2009
"2009-09-15","US-Kon","Konza Prairie LTER ()",0.351778000593185,258,2009
"2009-10-15","US-Kon","Konza Prairie LTER ()",0.111828155815601,288,2009
"2009-11-15","US-Kon","Konza Prairie LTER ()",0.0533296763896942,319,2009
"2009-12-15","US-Kon","Konza Prairie LTER ()",0.0447000525891781,349,2009
"2010-01-15","US-Kon","Konza Prairie LTER ()",-0.0353882387280464,15,2010
"2010-02-15","US-Kon","Konza Prairie LTER ()",0.0390952229499817,46,2010
"2010-03-15","US-Kon","Konza Prairie LTER ()",0.0697333589196205,74,2010
"2010-04-15","US-Kon","Konza Prairie LTER ()",0.338320374488831,105,2010
"2010-05-15","US-Kon","Konza Prairie LTER ()",0.503554165363312,135,2010
"2010-06-15","US-Kon","Konza Prairie LTER ()",0.545310020446777,166,2010
"2010-07-15","US-Kon","Konza Prairie LTER ()",0.825907707214355,196,2010
"2010-08-15","US-Kon","Konza Prairie LTER ()",0.450956434011459,227,2010
"2010-09-15","US-Kon","Konza Prairie LTER ()",0.340677201747894,258,2010
"2010-10-15","US-Kon","Konza Prairie LTER ()",0.171078458428383,288,2010
"2010-11-15","US-Kon","Konza Prairie LTER ()",0.0772110521793365,319,2010
"2010-12-15","US-Kon","Konza Prairie LTER ()",0.0433281101286411,349,2010
"2011-01-15","US-Kon","Konza Prairie LTER ()",-0.00235649012029171,15,2011
"2011-02-15","US-Kon","Konza Prairie LTER ()",0.029548903927207,46,2011
"2011-03-15","US-Kon","Konza Prairie LTER ()",-0.0269966423511505,74,2011
"2011-04-15","US-Kon","Konza Prairie LTER ()",0.292233437299728,105,2011
"2011-05-15","US-Kon","Konza Prairie LTER ()",0.592137575149536,135,2011
"2011-06-15","US-Kon","Konza Prairie LTER ()",0.592891037464142,166,2011
"2011-07-15","US-Kon","Konza Prairie LTER ()",0.712944626808167,196,2011
"2011-08-15","US-Kon","Konza Prairie LTER ()",0.673111617565155,227,2011
"2011-09-15","US-Kon","Konza Prairie LTER ()",0.343400597572327,258,2011
"2011-10-15","US-Kon","Konza Prairie LTER ()",0.0793953463435173,288,2011
"2011-11-15","US-Kon","Konza Prairie LTER ()",0.0770728066563606,319,2011
"2011-12-15","US-Kon","Konza Prairie LTER ()",-0.0251858830451965,349,2011
"2012-01-15","US-Kon","Konza Prairie LTER ()",0.0549369044601917,15,2012
"2012-02-15","US-Kon","Konza Prairie LTER ()",0.120278462767601,46,2012
"2012-03-15","US-Kon","Konza Prairie LTER ()",0.164713218808174,75,2012
"2012-04-15","US-Kon","Konza Prairie LTER ()",0.484370052814484,106,2012
"2012-05-15","US-Kon","Konza Prairie LTER ()",0.4356769323349,136,2012
"2012-06-15","US-Kon","Konza Prairie LTER ()",0.53793877363205,167,2012
"2012-07-15","US-Kon","Konza Prairie LTER ()",0.448407381772995,197,2012
"2012-08-15","US-Kon","Konza Prairie LTER ()",0.396447211503983,228,2012
"2012-09-15","US-Kon","Konza Prairie LTER ()",0.349398016929626,259,2012
"2012-10-15","US-Kon","Konza Prairie LTER ()",0.0915836691856384,289,2012
"2012-11-15","US-Kon","Konza Prairie LTER ()",0.0699477717280388,320,2012
"2012-12-15","US-Kon","Konza Prairie LTER ()",0.0175083801150322,350,2012
"2013-01-15","US-Kon","Konza Prairie LTER ()",0.0398660376667976,15,2013
"2013-02-15","US-Kon","Konza Prairie LTER ()",0.065544031560421,46,2013
"2013-03-15","US-Kon","Konza Prairie LTER ()",0.10808577388525,74,2013
"2013-04-15","US-Kon","Konza Prairie LTER ()",0.201430663466454,105,2013
"2013-05-15","US-Kon","Konza Prairie LTER ()",0.393020361661911,135,2013
"2013-06-15","US-Kon","Konza Prairie LTER ()",0.614785134792328,166,2013
"2013-07-15","US-Kon","Konza Prairie LTER ()",0.430889964103699,196,2013
"2013-08-15","US-Kon","Konza Prairie LTER ()",0.426604032516479,227,2013
"2013-09-15","US-Kon","Konza Prairie LTER ()",0.31765803694725,258,2013
"2013-10-15","US-Kon","Konza Prairie LTER ()",0.235234618186951,288,2013
"2013-11-15","US-Kon","Konza Prairie LTER ()",0.00710790185257792,319,2013
"2013-12-15","US-Kon","Konza Prairie LTER ()",0.0276819467544556,349,2013
"2014-01-15","US-Kon","Konza Prairie LTER ()",0.123682208359241,15,2014
"2014-02-15","US-Kon","Konza Prairie LTER ()",0.0254065524786711,46,2014
"2014-03-15","US-Kon","Konza Prairie LTER ()",0.0465649738907814,74,2014
"2014-04-15","US-Kon","Konza Prairie LTER ()",0.0828830748796463,105,2014
"2014-05-15","US-Kon","Konza Prairie LTER ()",0.477225601673126,135,2014
"2014-06-15","US-Kon","Konza Prairie LTER ()",0.6236771941185,166,2014
"2014-07-15","US-Kon","Konza Prairie LTER ()",0.568933486938477,196,2014
"2014-08-15","US-Kon","Konza Prairie LTER ()",0.617935121059418,227,2014
"2014-09-15","US-Kon","Konza Prairie LTER ()",0.27643671631813,258,2014
"2014-10-15","US-Kon","Konza Prairie LTER ()",0.162519916892052,288,2014
"2014-11-15","US-Kon","Konza Prairie LTER ()",0.0366616174578667,319,2014
"2014-12-15","US-Kon","Konza Prairie LTER ()",-0.0289145670831203,349,2014
"2015-01-15","US-Kon","Konza Prairie LTER ()",0.0407982207834721,15,2015
"2015-02-15","US-Kon","Konza Prairie LTER ()",0.0099071292206645,46,2015
"2015-03-15","US-Kon","Konza Prairie LTER ()",0.117983788251877,74,2015
"2015-04-15","US-Kon","Konza Prairie LTER ()",0.303993284702301,105,2015
"2015-05-15","US-Kon","Konza Prairie LTER ()",0.457629442214966,135,2015
"2015-06-15","US-Kon","Konza Prairie LTER ()",0.450052618980408,166,2015
"2015-07-15","US-Kon","Konza Prairie LTER ()",0.556438088417053,196,2015
"2015-08-15","US-Kon","Konza Prairie LTER ()",0.506489217281342,227,2015
"2015-09-15","US-Kon","Konza Prairie LTER ()",0.425461322069168,258,2015
"2015-10-15","US-Kon","Konza Prairie LTER ()",0.154677167534828,288,2015
"2015-11-15","US-Kon","Konza Prairie LTER ()",0.115984603762627,319,2015
"2015-12-15","US-Kon","Konza Prairie LTER ()",0.0465176291763783,349,2015
"2016-01-15","US-Kon","Konza Prairie LTER ()",0.010813788510859,15,2016
"2016-02-15","US-Kon","Konza Prairie LTER ()",0.0680792704224586,46,2016
"2016-03-15","US-Kon","Konza Prairie LTER ()",0.126904785633087,75,2016
"2016-04-15","US-Kon","Konza Prairie LTER ()",0.20843043923378,106,2016
"2016-05-15","US-Kon","Konza Prairie LTER ()",0.40044566988945,136,2016
"2016-06-15","US-Kon","Konza Prairie LTER ()",0.553420603275299,167,2016
"2016-07-15","US-Kon","Konza Prairie LTER ()",0.569351315498352,197,2016
"2016-08-15","US-Kon","Konza Prairie LTER ()",0.554574847221375,228,2016
"2016-09-15","US-Kon","Konza Prairie LTER ()",0.424860596656799,259,2016
"2016-10-15","US-Kon","Konza Prairie LTER ()",0.14633797109127,289,2016
"2016-11-15","US-Kon","Konza Prairie LTER ()",0.0714445188641548,320,2016
"2016-12-15","US-Kon","Konza Prairie LTER ()",0.0233909375965595,350,2016
"2017-01-15","US-Kon","Konza Prairie LTER ()",0.00679147243499756,15,2017
"2017-02-15","US-Kon","Konza Prairie LTER ()",-0.0375057458877563,46,2017
"2017-03-15","US-Kon","Konza Prairie LTER ()",0.00413968553766608,74,2017
"2017-04-15","US-Kon","Konza Prairie LTER ()",0.196099981665611,105,2017
"2017-05-15","US-Kon","Konza Prairie LTER ()",0.559172868728638,135,2017
"2017-06-15","US-Kon","Konza Prairie LTER ()",0.51714551448822,166,2017
"2017-07-15","US-Kon","Konza Prairie LTER ()",0.501433134078979,196,2017
"2017-08-15","US-Kon","Konza Prairie LTER ()",0.571432054042816,227,2017
"2017-09-15","US-Kon","Konza Prairie LTER ()",0.213388279080391,258,2017
"2017-10-15","US-Kon","Konza Prairie LTER ()",0.214352175593376,288,2017
"2017-11-15","US-Kon","Konza Prairie LTER ()",-0.00193684396799654,319,2017
"2017-12-15","US-Kon","Konza Prairie LTER ()",0.0230022426694632,349,2017
"2007-01-15","US-SCg","S. Calif. Grassland",-0.00456283614039421,15,2007
"2007-02-15","US-SCg","S. Calif. Grassland",0.0218571182340384,46,2007
"2007-03-15","US-SCg","S. Calif. Grassland",0.111466318368912,74,2007
"2007-04-15","US-SCg","S. Calif. Grassland",0.228352829813957,105,2007
"2007-05-15","US-SCg","S. Calif. Grassland",0.258220493793488,135,2007
"2007-06-15","US-SCg","S. Calif. Grassland",0.199873760342598,166,2007
"2007-07-15","US-SCg","S. Calif. Grassland",0.110060796141624,196,2007
"2007-08-15","US-SCg","S. Calif. Grassland",0.13719767332077,227,2007
"2007-09-15","US-SCg","S. Calif. Grassland",0.0577250458300114,258,2007
"2007-10-15","US-SCg","S. Calif. Grassland",0.0515618734061718,288,2007
"2007-11-15","US-SCg","S. Calif. Grassland",0.116765215992928,319,2007
"2007-12-15","US-SCg","S. Calif. Grassland",0.0412488877773285,349,2007
"2008-01-15","US-SCg","S. Calif. Grassland",0.0440314710140228,15,2008
"2008-02-15","US-SCg","S. Calif. Grassland",0.104930453002453,46,2008
"2008-03-15","US-SCg","S. Calif. Grassland",0.226367756724358,75,2008
"2008-04-15","US-SCg","S. Calif. Grassland",0.267905563116074,106,2008
"2008-05-15","US-SCg","S. Calif. Grassland",0.176263675093651,136,2008
"2008-06-15","US-SCg","S. Calif. Grassland",0.232173293828964,167,2008
"2008-07-15","US-SCg","S. Calif. Grassland",0.273259609937668,197,2008
"2008-08-15","US-SCg","S. Calif. Grassland",0.0980348736047745,228,2008
"2008-09-15","US-SCg","S. Calif. Grassland",0.196302503347397,259,2008
"2008-10-15","US-SCg","S. Calif. Grassland",0.0561143830418587,289,2008
"2008-11-15","US-SCg","S. Calif. Grassland",0.0619359202682972,320,2008
"2008-12-15","US-SCg","S. Calif. Grassland",0.0969462171196938,350,2008
"2009-01-15","US-SCg","S. Calif. Grassland",0.088063009083271,15,2009
"2009-02-15","US-SCg","S. Calif. Grassland",0.0240153260529041,46,2009
"2009-03-15","US-SCg","S. Calif. Grassland",0.279084414243698,74,2009
"2009-04-15","US-SCg","S. Calif. Grassland",0.115141689777374,105,2009
"2009-05-15","US-SCg","S. Calif. Grassland",0.378966689109802,135,2009
"2009-06-15","US-SCg","S. Calif. Grassland",0.285695672035217,166,2009
"2009-07-15","US-SCg","S. Calif. Grassland",0.218681529164314,196,2009
"2009-08-15","US-SCg","S. Calif. Grassland",0.129876032471657,227,2009
"2009-09-15","US-SCg","S. Calif. Grassland",0.0684498623013496,258,2009
"2009-10-15","US-SCg","S. Calif. Grassland",0.118617750704288,288,2009
"2009-11-15","US-SCg","S. Calif. Grassland",0.0758569091558456,319,2009
"2009-12-15","US-SCg","S. Calif. Grassland",0.0889598056674004,349,2009
"2010-01-15","US-SCg","S. Calif. Grassland",0.0217810440808535,15,2010
"2010-02-15","US-SCg","S. Calif. Grassland",0.070393480360508,46,2010
"2010-03-15","US-SCg","S. Calif. Grassland",0.184509783983231,74,2010
"2010-04-15","US-SCg","S. Calif. Grassland",0.203806951642036,105,2010
"2010-05-15","US-SCg","S. Calif. Grassland",0.107998460531235,135,2010
"2010-06-15","US-SCg","S. Calif. Grassland",0.232805296778679,166,2010
"2010-07-15","US-SCg","S. Calif. Grassland",0.152034744620323,196,2010
"2010-08-15","US-SCg","S. Calif. Grassland",0.150614783167839,227,2010
"2010-09-15","US-SCg","S. Calif. Grassland",0.137245744466782,258,2010
"2010-10-15","US-SCg","S. Calif. Grassland",0.100265644490719,288,2010
"2010-11-15","US-SCg","S. Calif. Grassland",0.0403288342058659,319,2010
"2010-12-15","US-SCg","S. Calif. Grassland",0.109561622142792,349,2010
"2011-01-15","US-SCg","S. Calif. Grassland",0.103093393146992,15,2011
"2011-02-15","US-SCg","S. Calif. Grassland",0.0391623601317406,46,2011
"2011-03-15","US-SCg","S. Calif. Grassland",0.141131296753883,74,2011
"2011-04-15","US-SCg","S. Calif. Grassland",0.211045518517494,105,2011
"2011-05-15","US-SCg","S. Calif. Grassland",0.293672114610672,135,2011
"2011-06-15","US-SCg","S. Calif. Grassland",0.300546765327454,166,2011
"2011-07-15","US-SCg","S. Calif. Grassland",0.239588901400566,196,2011
"2011-08-15","US-SCg","S. Calif. Grassland",0.212320163846016,227,2011
"2011-09-15","US-SCg","S. Calif. Grassland",0.117667160928249,258,2011
"2011-10-15","US-SCg","S. Calif. Grassland",0.170207276940346,288,2011
"2011-11-15","US-SCg","S. Calif. Grassland",0.11220495402813,319,2011
"2011-12-15","US-SCg","S. Calif. Grassland",0.140416145324707,349,2011
"2012-01-15","US-SCg","S. Calif. Grassland",0.0791102349758148,15,2012
"2012-02-15","US-SCg","S. Calif. Grassland",0.0271039456129074,46,2012
"2012-03-15","US-SCg","S. Calif. Grassland",0.0860851109027863,75,2012
"2012-04-15","US-SCg","S. Calif. Grassland",0.145401105284691,106,2012
"2012-05-15","US-SCg","S. Calif. Grassland",0.280506134033203,136,2012
"2012-06-15","US-SCg","S. Calif. Grassland",0.237896412611008,167,2012
"2012-07-15","US-SCg","S. Calif. Grassland",0.211266413331032,197,2012
"2012-08-15","US-SCg","S. Calif. Grassland",0.117874160408974,228,2012
"2012-09-15","US-SCg","S. Calif. Grassland",0.0921519473195076,259,2012
"2012-10-15","US-SCg","S. Calif. Grassland",0.0842400789260864,289,2012
"2012-11-15","US-SCg","S. Calif. Grassland",0.0575494803488255,320,2012
"2012-12-15","US-SCg","S. Calif. Grassland",0.0531723015010357,350,2012
"2013-01-15","US-SCg","S. Calif. Grassland",-0.00901275034993887,15,2013
"2013-02-15","US-SCg","S. Calif. Grassland",0.071207083761692,46,2013
"2013-03-15","US-SCg","S. Calif. Grassland",0.184659197926521,74,2013
"2013-04-15","US-SCg","S. Calif. Grassland",0.147743865847588,105,2013
"2013-05-15","US-SCg","S. Calif. Grassland",0.206544741988182,135,2013
"2013-06-15","US-SCg","S. Calif. Grassland",0.158987179398537,166,2013
"2013-07-15","US-SCg","S. Calif. Grassland",0.352887213230133,196,2013
"2013-08-15","US-SCg","S. Calif. Grassland",0.231131568551064,227,2013
"2013-09-15","US-SCg","S. Calif. Grassland",0.15263669192791,258,2013
"2013-10-15","US-SCg","S. Calif. Grassland",0.11836750805378,288,2013
"2013-11-15","US-SCg","S. Calif. Grassland",-0.026627304032445,319,2013
"2013-12-15","US-SCg","S. Calif. Grassland",0.0275419075042009,349,2013
"2014-01-15","US-SCg","S. Calif. Grassland",0.0759807825088501,15,2014
"2014-02-15","US-SCg","S. Calif. Grassland",-0.0578978918492794,46,2014
"2014-03-15","US-SCg","S. Calif. Grassland",0.14459365606308,74,2014
"2014-04-15","US-SCg","S. Calif. Grassland",0.152730792760849,105,2014
"2014-05-15","US-SCg","S. Calif. Grassland",0.172525510191917,135,2014
"2014-06-15","US-SCg","S. Calif. Grassland",0.104316838085651,166,2014
"2014-07-15","US-SCg","S. Calif. Grassland",0.19551682472229,196,2014
"2014-08-15","US-SCg","S. Calif. Grassland",0.178069368004799,227,2014
"2014-09-15","US-SCg","S. Calif. Grassland",-0.00785187166184187,258,2014
"2014-10-15","US-SCg","S. Calif. Grassland",0.118891410529613,288,2014
"2014-11-15","US-SCg","S. Calif. Grassland",0.00336271338164806,319,2014
"2014-12-15","US-SCg","S. Calif. Grassland",0.0626148357987404,349,2014
"2015-01-15","US-SCg","S. Calif. Grassland",0.0402405746281147,15,2015
"2015-02-15","US-SCg","S. Calif. Grassland",0.216908797621727,46,2015
"2015-03-15","US-SCg","S. Calif. Grassland",0.152390941977501,74,2015
"2015-04-15","US-SCg","S. Calif. Grassland",0.131645247340202,105,2015
"2015-05-15","US-SCg","S. Calif. Grassland",0.2563596367836,135,2015
"2015-06-15","US-SCg","S. Calif. Grassland",0.257861852645874,166,2015
"2015-07-15","US-SCg","S. Calif. Grassland",0.230401515960693,196,2015
"2015-08-15","US-SCg","S. Calif. Grassland",0.137851595878601,227,2015
"2015-09-15","US-SCg","S. Calif. Grassland",0.0416815467178822,258,2015
"2015-10-15","US-SCg","S. Calif. Grassland",0.0299067907035351,288,2015
"2015-11-15","US-SCg","S. Calif. Grassland",0.0218765884637833,319,2015
"2015-12-15","US-SCg","S. Calif. Grassland",0.0540803596377373,349,2015
"2016-01-15","US-SCg","S. Calif. Grassland",0.0869997218251228,15,2016
"2016-02-15","US-SCg","S. Calif. Grassland",0.194536104798317,46,2016
"2016-03-15","US-SCg","S. Calif. Grassland",0.180654212832451,75,2016
"2016-04-15","US-SCg","S. Calif. Grassland",0.217251539230347,106,2016
"2016-05-15","US-SCg","S. Calif. Grassland",0.279613763093948,136,2016
"2016-06-15","US-SCg","S. Calif. Grassland",0.184144422411919,167,2016
"2016-07-15","US-SCg","S. Calif. Grassland",0.134206995368004,197,2016
"2016-08-15","US-SCg","S. Calif. Grassland",0.152796268463135,228,2016
"2016-09-15","US-SCg","S. Calif. Grassland",0.136428356170654,259,2016
"2016-10-15","US-SCg","S. Calif. Grassland",0.0518465228378773,289,2016
"2016-11-15","US-SCg","S. Calif. Grassland",0.0288057532161474,320,2016
"2016-12-15","US-SCg","S. Calif. Grassland",0.0534464567899704,350,2016
"2017-01-15","US-SCg","S. Calif. Grassland",0.00076852273195982,15,2017
"2017-02-15","US-SCg","S. Calif. Grassland",-0.0188706498593092,46,2017
"2017-03-15","US-SCg","S. Calif. Grassland",0.161547809839249,74,2017
"2017-04-15","US-SCg","S. Calif. Grassland",0.0914146974682808,105,2017
"2017-05-15","US-SCg","S. Calif. Grassland",0.190981894731522,135,2017
"2017-06-15","US-SCg","S. Calif. Grassland",0.076042652130127,166,2017
"2017-07-15","US-SCg","S. Calif. Grassland",0.164317175745964,196,2017
"2017-08-15","US-SCg","S. Calif. Grassland",0.182247132062912,227,2017
"2017-09-15","US-SCg","S. Calif. Grassland",0.0882173925638199,258,2017
"2017-10-15","US-SCg","S. Calif. Grassland",0.0429839491844177,288,2017
"2017-11-15","US-SCg","S. Calif. Grassland",0.0800933614373207,319,2017
"2017-12-15","US-SCg","S. Calif. Grassland",-0.022020110860467,349,2017
"2007-01-15","US-Seg","Sevilleta grassland",0.0415419526398182,15,2007
"2007-02-15","US-Seg","Sevilleta grassland",0.0276913419365883,46,2007
"2007-03-15","US-Seg","Sevilleta grassland",0.0268915127962828,74,2007
"2007-04-15","US-Seg","Sevilleta grassland",0.118377096951008,105,2007
"2007-05-15","US-Seg","Sevilleta grassland",0.0430236421525478,135,2007
"2007-06-15","US-Seg","Sevilleta grassland",0.221417471766472,166,2007
"2007-07-15","US-Seg","Sevilleta grassland",0.213638946413994,196,2007
"2007-08-15","US-Seg","Sevilleta grassland",0.141358003020287,227,2007
"2007-09-15","US-Seg","Sevilleta grassland",0.143137887120247,258,2007
"2007-10-15","US-Seg","Sevilleta grassland",0.00462547643110156,288,2007
"2007-11-15","US-Seg","Sevilleta grassland",0.00299733527936041,319,2007
"2007-12-15","US-Seg","Sevilleta grassland",-0.030314227566123,349,2007
"2008-01-15","US-Seg","Sevilleta grassland",-0.043485801666975,15,2008
"2008-02-15","US-Seg","Sevilleta grassland",0.00888155866414309,46,2008
"2008-03-15","US-Seg","Sevilleta grassland",0.0136068090796471,75,2008
"2008-04-15","US-Seg","Sevilleta grassland",0.00328566832467914,106,2008
"2008-05-15","US-Seg","Sevilleta grassland",0.020427156239748,136,2008
"2008-06-15","US-Seg","Sevilleta grassland",0.134821340441704,167,2008
"2008-07-15","US-Seg","Sevilleta grassland",0.251756966114044,197,2008
"2008-08-15","US-Seg","Sevilleta grassland",0.2453892827034,228,2008
"2008-09-15","US-Seg","Sevilleta grassland",0.119140215218067,259,2008
"2008-10-15","US-Seg","Sevilleta grassland",0.157290488481522,289,2008
"2008-11-15","US-Seg","Sevilleta grassland",0.0184797961264849,320,2008
"2008-12-15","US-Seg","Sevilleta grassland",0.0709955841302872,350,2008
"2009-01-15","US-Seg","Sevilleta grassland",-0.127814114093781,15,2009
"2009-02-15","US-Seg","Sevilleta grassland",-0.02634840272367,46,2009
"2009-03-15","US-Seg","Sevilleta grassland",0.0892974585294724,74,2009
"2009-04-15","US-Seg","Sevilleta grassland",-0.0391677170991898,105,2009
"2009-05-15","US-Seg","Sevilleta grassland",0.128177091479301,135,2009
"2009-06-15","US-Seg","Sevilleta grassland",0.0939032882452011,166,2009
"2009-07-15","US-Seg","Sevilleta grassland",0.0853244215250015,196,2009
"2009-08-15","US-Seg","Sevilleta grassland",0.200449243187904,227,2009
"2009-09-15","US-Seg","Sevilleta grassland",0.0644460693001747,258,2009
"2009-10-15","US-Seg","Sevilleta grassland",0.0220688302069902,288,2009
"2009-11-15","US-Seg","Sevilleta grassland",0.00271886098198593,319,2009
"2009-12-15","US-Seg","Sevilleta grassland",0.0303187873214483,349,2009
"2010-01-15","US-Seg","Sevilleta grassland",-0.0290870703756809,15,2010
"2010-02-15","US-Seg","Sevilleta grassland",0.0676045119762421,46,2010
"2010-03-15","US-Seg","Sevilleta grassland",-0.00294157862663269,74,2010
"2010-04-15","US-Seg","Sevilleta grassland",0.00528608169406652,105,2010
"2010-05-15","US-Seg","Sevilleta grassland",0.122365087270737,135,2010
"2010-06-15","US-Seg","Sevilleta grassland",0.195519596338272,166,2010
"2010-07-15","US-Seg","Sevilleta grassland",0.176309019327164,196,2010
"2010-08-15","US-Seg","Sevilleta grassland",0.166160434484482,227,2010
"2010-09-15","US-Seg","Sevilleta grassland",0.127323731780052,258,2010
"2010-10-15","US-Seg","Sevilleta grassland",0.0903973579406738,288,2010
"2010-11-15","US-Seg","Sevilleta grassland",0.0680490732192993,319,2010
"2010-12-15","US-Seg","Sevilleta grassland",0.0712887793779373,349,2010
"2011-01-15","US-Seg","Sevilleta grassland",0.0440559908747673,15,2011
"2011-02-15","US-Seg","Sevilleta grassland",0.0395740419626236,46,2011
"2011-03-15","US-Seg","Sevilleta grassland",-0.0298250000923872,74,2011
"2011-04-15","US-Seg","Sevilleta grassland",0.0482438243925571,105,2011
"2011-05-15","US-Seg","Sevilleta grassland",0.0631223917007446,135,2011
"2011-06-15","US-Seg","Sevilleta grassland",0.0470570363104343,166,2011
"2011-07-15","US-Seg","Sevilleta grassland",0.0425890013575554,196,2011
"2011-08-15","US-Seg","Sevilleta grassland",0.0864275619387627,227,2011
"2011-09-15","US-Seg","Sevilleta grassland",0.122934050858021,258,2011
"2011-10-15","US-Seg","Sevilleta grassland",-0.00401723477989435,288,2011
"2011-11-15","US-Seg","Sevilleta grassland",0.000894474214874208,319,2011
"2011-12-15","US-Seg","Sevilleta grassland",0.132928192615509,349,2011
"2012-01-15","US-Seg","Sevilleta grassland",0.0800333693623543,15,2012
"2012-02-15","US-Seg","Sevilleta grassland",-0.104992836713791,46,2012
"2012-03-15","US-Seg","Sevilleta grassland",0.0178637597709894,75,2012
"2012-04-15","US-Seg","Sevilleta grassland",-0.0464317575097084,106,2012
"2012-05-15","US-Seg","Sevilleta grassland",0.111070677638054,136,2012
"2012-06-15","US-Seg","Sevilleta grassland",0.100407496094704,167,2012
"2012-07-15","US-Seg","Sevilleta grassland",0.102736599743366,197,2012
"2012-08-15","US-Seg","Sevilleta grassland",0.176210209727287,228,2012
"2012-09-15","US-Seg","Sevilleta grassland",-0.0250718872994184,259,2012
"2012-10-15","US-Seg","Sevilleta grassland",-0.0005639354349114,289,2012
"2012-11-15","US-Seg","Sevilleta grassland",0.100884504616261,320,2012
"2012-12-15","US-Seg","Sevilleta grassland",-0.0441060662269592,350,2012
"2013-01-15","US-Seg","Sevilleta grassland",0.00115450471639633,15,2013
"2013-02-15","US-Seg","Sevilleta grassland",-0.0934052318334579,46,2013
"2013-03-15","US-Seg","Sevilleta grassland",-0.0416685864329338,74,2013
"2013-04-15","US-Seg","Sevilleta grassland",0.0435083247721195,105,2013
"2013-05-15","US-Seg","Sevilleta grassland",0.0910094529390335,135,2013
"2013-06-15","US-Seg","Sevilleta grassland",0.0404048711061478,166,2013
"2013-07-15","US-Seg","Sevilleta grassland",0.0135659873485565,196,2013
"2013-08-15","US-Seg","Sevilleta grassland",0.204305082559586,227,2013
"2013-09-15","US-Seg","Sevilleta grassland",0.145142629742622,258,2013
"2013-10-15","US-Seg","Sevilleta grassland",0.104590348899364,288,2013
"2013-11-15","US-Seg","Sevilleta grassland",0.082734227180481,319,2013
"2013-12-15","US-Seg","Sevilleta grassland",-0.065398171544075,349,2013
"2014-01-15","US-Seg","Sevilleta grassland",0.0139977401122451,15,2014
"2014-02-15","US-Seg","Sevilleta grassland",-0.00127395638264716,46,2014
"2014-03-15","US-Seg","Sevilleta grassland",0.0492290742695332,74,2014
"2014-04-15","US-Seg","Sevilleta grassland",0.0633843243122101,105,2014
"2014-05-15","US-Seg","Sevilleta grassland",0.212108120322227,135,2014
"2014-06-15","US-Seg","Sevilleta grassland",0.142614483833313,166,2014
"2014-07-15","US-Seg","Sevilleta grassland",0.0722040086984634,196,2014
"2014-08-15","US-Seg","Sevilleta grassland",0.188343048095703,227,2014
"2014-09-15","US-Seg","Sevilleta grassland",0.176489874720573,258,2014
"2014-10-15","US-Seg","Sevilleta grassland",0.129081413149834,288,2014
"2014-11-15","US-Seg","Sevilleta grassland",0.0876021832227707,319,2014
"2014-12-15","US-Seg","Sevilleta grassland",0.0924520716071129,349,2014
"2015-01-15","US-Seg","Sevilleta grassland",0.0469833090901375,15,2015
"2015-02-15","US-Seg","Sevilleta grassland",0.0792455226182938,46,2015
"2015-03-15","US-Seg","Sevilleta grassland",0.0291425939649343,74,2015
"2015-04-15","US-Seg","Sevilleta grassland",0.0970961377024651,105,2015
"2015-05-15","US-Seg","Sevilleta grassland",0.0598232112824917,135,2015
"2015-06-15","US-Seg","Sevilleta grassland",0.154148012399673,166,2015
"2015-07-15","US-Seg","Sevilleta grassland",0.140344604849815,196,2015
"2015-08-15","US-Seg","Sevilleta grassland",0.0846330747008324,227,2015
"2015-09-15","US-Seg","Sevilleta grassland",0.091059647500515,258,2015
"2015-10-15","US-Seg","Sevilleta grassland",0.0468907691538334,288,2015
"2015-11-15","US-Seg","Sevilleta grassland",0.10752134770155,319,2015
"2015-12-15","US-Seg","Sevilleta grassland",0.0119993751868606,349,2015
"2016-01-15","US-Seg","Sevilleta grassland",-0.0263237785547972,15,2016
"2016-02-15","US-Seg","Sevilleta grassland",-0.032079890370369,46,2016
"2016-03-15","US-Seg","Sevilleta grassland",0.0272537115961313,75,2016
"2016-04-15","US-Seg","Sevilleta grassland",0.143325254321098,106,2016
"2016-05-15","US-Seg","Sevilleta grassland",0.0465530902147293,136,2016
"2016-06-15","US-Seg","Sevilleta grassland",0.0464147292077541,167,2016
"2016-07-15","US-Seg","Sevilleta grassland",0.0460467450320721,197,2016
"2016-08-15","US-Seg","Sevilleta grassland",0.107956066727638,228,2016
"2016-09-15","US-Seg","Sevilleta grassland",0.166731312870979,259,2016
"2016-10-15","US-Seg","Sevilleta grassland",0.0510443486273289,289,2016
"2016-11-15","US-Seg","Sevilleta grassland",-0.024855887517333,320,2016
"2016-12-15","US-Seg","Sevilleta grassland",-0.00544817047193646,350,2016
"2017-01-15","US-Seg","Sevilleta grassland",-0.00889674108475447,15,2017
"2017-02-15","US-Seg","Sevilleta grassland",0.048414945602417,46,2017
"2017-03-15","US-Seg","Sevilleta grassland",0.0504996590316296,74,2017
"2017-04-15","US-Seg","Sevilleta grassland",0.0499271228909492,105,2017
"2017-05-15","US-Seg","Sevilleta grassland",0.148629695177078,135,2017
"2017-06-15","US-Seg","Sevilleta grassland",0.0790352150797844,166,2017
"2017-07-15","US-Seg","Sevilleta grassland",0.125319451093674,196,2017
"2017-08-15","US-Seg","Sevilleta grassland",0.0070935832336545,227,2017
"2017-09-15","US-Seg","Sevilleta grassland",0.0207564048469067,258,2017
"2017-10-15","US-Seg","Sevilleta grassland",0.0371800176799297,288,2017
"2017-11-15","US-Seg","Sevilleta grassland",0.0697413012385368,319,2017
"2017-12-15","US-Seg","Sevilleta grassland",0.0304632429033518,349,2017
"2007-01-15","US-Var","Vaira Ranch",0.0874674916267395,15,2007
"2007-02-15","US-Var","Vaira Ranch",0.173567578196526,46,2007
"2007-03-15","US-Var","Vaira Ranch",0.393346697092056,74,2007
"2007-04-15","US-Var","Vaira Ranch",0.533192217350006,105,2007
"2007-05-15","US-Var","Vaira Ranch",0.460072815418243,135,2007
"2007-06-15","US-Var","Vaira Ranch",0.393786668777466,166,2007
"2007-07-15","US-Var","Vaira Ranch",0.386905938386917,196,2007
"2007-08-15","US-Var","Vaira Ranch",0.235612228512764,227,2007
"2007-09-15","US-Var","Vaira Ranch",0.190732136368752,258,2007
"2007-10-15","US-Var","Vaira Ranch",0.178054854273796,288,2007
"2007-11-15","US-Var","Vaira Ranch",0.0698567032814026,319,2007
"2007-12-15","US-Var","Vaira Ranch",0.142668470740318,349,2007
"2008-01-15","US-Var","Vaira Ranch",0.0612026937305927,15,2008
"2008-02-15","US-Var","Vaira Ranch",0.214238300919533,46,2008
"2008-03-15","US-Var","Vaira Ranch",0.321246445178986,75,2008
"2008-04-15","US-Var","Vaira Ranch",0.376605123281479,106,2008
"2008-05-15","US-Var","Vaira Ranch",0.303399562835693,136,2008
"2008-06-15","US-Var","Vaira Ranch",0.295178145170212,167,2008
"2008-07-15","US-Var","Vaira Ranch",0.287678420543671,197,2008
"2008-08-15","US-Var","Vaira Ranch",0.29823249578476,228,2008
"2008-09-15","US-Var","Vaira Ranch",0.154619961977005,259,2008
"2008-10-15","US-Var","Vaira Ranch",0.190254017710686,289,2008
"2008-11-15","US-Var","Vaira Ranch",0.127161577343941,320,2008
"2008-12-15","US-Var","Vaira Ranch",0.10295732319355,350,2008
"2009-01-15","US-Var","Vaira Ranch",0.00757199106737971,15,2009
"2009-02-15","US-Var","Vaira Ranch",0.2111706584692,46,2009
"2009-03-15","US-Var","Vaira Ranch",0.396366000175476,74,2009
"2009-04-15","US-Var","Vaira Ranch",0.458949387073517,105,2009
"2009-05-15","US-Var","Vaira Ranch",0.397426426410675,135,2009
"2009-06-15","US-Var","Vaira Ranch",0.261240214109421,166,2009
"2009-07-15","US-Var","Vaira Ranch",0.379874736070633,196,2009
"2009-08-15","US-Var","Vaira Ranch",0.287323206663132,227,2009
"2009-09-15","US-Var","Vaira Ranch",0.28154331445694,258,2009
"2009-10-15","US-Var","Vaira Ranch",0.0843913927674294,288,2009
"2009-11-15","US-Var","Vaira Ranch",0.0800625756382942,319,2009
"2009-12-15","US-Var","Vaira Ranch",0.129465967416763,349,2009
"2010-01-15","US-Var","Vaira Ranch",0.126717329025269,15,2010
"2010-02-15","US-Var","Vaira Ranch",0.191781252622604,46,2010
"2010-03-15","US-Var","Vaira Ranch",0.376880407333374,74,2010
"2010-04-15","US-Var","Vaira Ranch",0.458825588226318,105,2010
"2010-05-15","US-Var","Vaira Ranch",0.535653054714203,135,2010
"2010-06-15","US-Var","Vaira Ranch",0.400133341550827,166,2010
"2010-07-15","US-Var","Vaira Ranch",0.362507373094559,196,2010
"2010-08-15","US-Var","Vaira Ranch",0.301561623811722,227,2010
"2010-09-15","US-Var","Vaira Ranch",0.215693101286888,258,2010
"2010-10-15","US-Var","Vaira Ranch",0.142097681760788,288,2010
"2010-11-15","US-Var","Vaira Ranch",0.171111300587654,319,2010
"2010-12-15","US-Var","Vaira Ranch",0.138256654143333,349,2010
"2011-01-15","US-Var","Vaira Ranch",0.174848794937134,15,2011
"2011-02-15","US-Var","Vaira Ranch",0.167564675211906,46,2011
"2011-03-15","US-Var","Vaira Ranch",0.294546216726303,74,2011
"2011-04-15","US-Var","Vaira Ranch",0.46608093380928,105,2011
"2011-05-15","US-Var","Vaira Ranch",0.442037433385849,135,2011
"2011-06-15","US-Var","Vaira Ranch",0.471018940210342,166,2011
"2011-07-15","US-Var","Vaira Ranch",0.358047991991043,196,2011
"2011-08-15","US-Var","Vaira Ranch",0.292411416769028,227,2011
"2011-09-15","US-Var","Vaira Ranch",0.250623553991318,258,2011
"2011-10-15","US-Var","Vaira Ranch",0.215273901820183,288,2011
"2011-11-15","US-Var","Vaira Ranch",0.133018001914024,319,2011
"2011-12-15","US-Var","Vaira Ranch",0.00443502422422171,349,2011
"2012-01-15","US-Var","Vaira Ranch",0.1186358705163,15,2012
"2012-02-15","US-Var","Vaira Ranch",0.105918303132057,46,2012
"2012-03-15","US-Var","Vaira Ranch",0.146417275071144,75,2012
"2012-04-15","US-Var","Vaira Ranch",0.426126480102539,106,2012
"2012-05-15","US-Var","Vaira Ranch",0.344742149114609,136,2012
"2012-06-15","US-Var","Vaira Ranch",0.28175812959671,167,2012
"2012-07-15","US-Var","Vaira Ranch",0.256891071796417,197,2012
"2012-08-15","US-Var","Vaira Ranch",0.349531441926956,228,2012
"2012-09-15","US-Var","Vaira Ranch",0.105306223034859,259,2012
"2012-10-15","US-Var","Vaira Ranch",0.205033630132675,289,2012
"2012-11-15","US-Var","Vaira Ranch",0.114933133125305,320,2012
"2012-12-15","US-Var","Vaira Ranch",0.121447525918484,350,2012
"2013-01-15","US-Var","Vaira Ranch",0.10533532500267,15,2013
"2013-02-15","US-Var","Vaira Ranch",0.192283779382706,46,2013
"2013-03-15","US-Var","Vaira Ranch",0.351252257823944,74,2013
"2013-04-15","US-Var","Vaira Ranch",0.361328184604645,105,2013
"2013-05-15","US-Var","Vaira Ranch",0.32650101184845,135,2013
"2013-06-15","US-Var","Vaira Ranch",0.504461288452148,166,2013
"2013-07-15","US-Var","Vaira Ranch",0.336035698652267,196,2013
"2013-08-15","US-Var","Vaira Ranch",0.136366501450539,227,2013
"2013-09-15","US-Var","Vaira Ranch",0.154919683933258,258,2013
"2013-10-15","US-Var","Vaira Ranch",0.0957015082240105,288,2013
"2013-11-15","US-Var","Vaira Ranch",0.130301475524902,319,2013
"2013-12-15","US-Var","Vaira Ranch",0.0216022171080112,349,2013
"2014-01-15","US-Var","Vaira Ranch",0.0672173798084259,15,2014
"2014-02-15","US-Var","Vaira Ranch",0.171938642859459,46,2014
"2014-03-15","US-Var","Vaira Ranch",0.417900592088699,74,2014
"2014-04-15","US-Var","Vaira Ranch",0.457252562046051,105,2014
"2014-05-15","US-Var","Vaira Ranch",0.302001982927322,135,2014
"2014-06-15","US-Var","Vaira Ranch",0.353834420442581,166,2014
"2014-07-15","US-Var","Vaira Ranch",0.224256113171577,196,2014
"2014-08-15","US-Var","Vaira Ranch",0.162938386201859,227,2014
"2014-09-15","US-Var","Vaira Ranch",0.138372913002968,258,2014
"2014-10-15","US-Var","Vaira Ranch",0.119159899652004,288,2014
"2014-11-15","US-Var","Vaira Ranch",0.129003152251244,319,2014
"2014-12-15","US-Var","Vaira Ranch",0.0910481587052345,349,2014
"2015-01-15","US-Var","Vaira Ranch",0.128501281142235,15,2015
"2015-02-15","US-Var","Vaira Ranch",0.271834135055542,46,2015
"2015-03-15","US-Var","Vaira Ranch",0.395073920488358,74,2015
"2015-04-15","US-Var","Vaira Ranch",0.307377755641937,105,2015
"2015-05-15","US-Var","Vaira Ranch",0.251362770795822,135,2015
"2015-06-15","US-Var","Vaira Ranch",0.331913501024246,166,2015
"2015-07-15","US-Var","Vaira Ranch",0.221318274736404,196,2015
"2015-08-15","US-Var","Vaira Ranch",0.226398155093193,227,2015
"2015-09-15","US-Var","Vaira Ranch",0.191190958023071,258,2015
"2015-10-15","US-Var","Vaira Ranch",0.0175057239830494,288,2015
"2015-11-15","US-Var","Vaira Ranch",0.0628202185034752,319,2015
"2015-12-15","US-Var","Vaira Ranch",0.0324551500380039,349,2015
"2016-01-15","US-Var","Vaira Ranch",0.103262640535831,15,2016
"2016-02-15","US-Var","Vaira Ranch",0.198410391807556,46,2016
"2016-03-15","US-Var","Vaira Ranch",0.470056802034378,75,2016
"2016-04-15","US-Var","Vaira Ranch",0.341992646455765,106,2016
"2016-05-15","US-Var","Vaira Ranch",0.297992378473282,136,2016
"2016-06-15","US-Var","Vaira Ranch",0.29694601893425,167,2016
"2016-07-15","US-Var","Vaira Ranch",0.247529953718185,197,2016
"2016-08-15","US-Var","Vaira Ranch",0.26981908082962,228,2016
"2016-09-15","US-Var","Vaira Ranch",0.123271964490414,259,2016
"2016-10-15","US-Var","Vaira Ranch",0.146847516298294,289,2016
"2016-11-15","US-Var","Vaira Ranch",0.175524935126305,320,2016
"2016-12-15","US-Var","Vaira Ranch",0.16428604722023,350,2016
"2017-01-15","US-Var","Vaira Ranch",0.200265258550644,15,2017
"2017-02-15","US-Var","Vaira Ranch",0.244045332074165,46,2017
"2017-03-15","US-Var","Vaira Ranch",0.352667540311813,74,2017
"2017-04-15","US-Var","Vaira Ranch",0.500432789325714,105,2017
"2017-05-15","US-Var","Vaira Ranch",0.490696996450424,135,2017
"2017-06-15","US-Var","Vaira Ranch",0.297246903181076,166,2017
"2017-07-15","US-Var","Vaira Ranch",0.305067747831345,196,2017
"2017-08-15","US-Var","Vaira Ranch",0.250437647104263,227,2017
"2017-09-15","US-Var","Vaira Ranch",0.169096633791924,258,2017
"2017-10-15","US-Var","Vaira Ranch",0.13611327111721,288,2017
"2017-11-15","US-Var","Vaira Ranch",-0.00950329005718231,319,2017
"2017-12-15","US-Var","Vaira Ranch",0.0855603218078613,349,2017
